Type,Geometry
LINESTRING,"LINESTRING (-79.507665 43.787143, -79.507665 43.787143, -79.507665 43.787143, -79.507665 43.787143, -79.392178 43.817576, -79.392178 43.817576, -77.374856 44.179657, -77.374856 44.179657, -75.691833 44.592561, -75.691833 44.592561, -74.232441 45.27464, -74.232441 45.27464, -73.753497 45.449248, -73.753497 45.449248, -73.631185 45.452732, -73.631185 45.452732, -73.631185 45.452732, -73.50751 45.499041, -73.50751 45.499041, -71.260888 46.713817, -71.260888 46.713817, -71.260888 46.713817, -71.260888 46.713817)"
POINT Origin,POINT (-79.51209137 43.82861810019113)
POINT Destination,POINT (-71.24751979 46.71483485235821)
