Type,Geometry
LINESTRING,"LINESTRING (-86.102856 33.438027, -86.102856 33.438027, -86.102856 33.438027, -86.81 33.5, -86.81 33.5, -84.49 39.09, -83.495886 41.586476, -83.495886 41.586476, -83.070892 42.319485, -83.070892 42.319485, -83.070892 42.319485, -83.070892 42.319485, -83.106598 42.325699, -82.970963 42.273912, -82.970963 42.273912, -82.978106 42.28554, -81.190056 43.003559, -81.190056 43.003559, -80.7392 43.1255, -80.72704 43.159169, -79.5077 43.786, -79.5077 43.786, -79.5077 43.786, -79.273 43.787, -79.273 43.787)"
POINT Origin,POINT (-86.05063954 33.43614435842153)
POINT Destination,POINT (-79.250126 43.80637638364665)
